<xml xmlns="http://www.w3.org/1999/xhtml"><variables><variable type="" id="WXLJQ:g|G{XY3D.0DqFW">a</variable><variable type="" id="$km!:aT9.{UoJb2NN+:?">b</variable><variable type="" id="OQ_8s]*WDH+a4}xT$0UU">c</variable><variable type="" id="J(_8,K1dbP*?LiPL0*fb">x</variable></variables><block type="entry_point" id="IgEhS?:|//r{](*tQ8N(" deletable="false" x="200" y="50"><next><block type="variables_set" id="rL}j$PDNyxRh~39zjAm:"><field name="VAR" id="WXLJQ:g|G{XY3D.0DqFW" variabletype="">a</field><value name="VALUE"><block type="math_number" id="5VRuC^MeQ,MC!+E-`x,f"><field name="NUM">0</field></block></value><next><block type="variables_set" id="v$x-C,(jF96?PltGyPus"><field name="VAR" id="$km!:aT9.{UoJb2NN+:?" variabletype="">b</field><value name="VALUE"><block type="math_number" id="Qwsr`Fr.d/%2)6E4M_mF"><field name="NUM">1</field></block></value><next><block type="controls_repeat_ext" id=")eS}8-mK4(rfiKn1tDQ["><value name="TIMES"><block type="math_number" id="_/_|ya:pDrbtkobTX/?4"><field name="NUM">20</field></block></value><statement name="DO"><block type="procedures_callnoreturn" id="Smp6hq:?3MiyfDSDiH[{"><mutation name="fibStep"></mutation></block></statement></block></next></block></next></block></next></block><block type="procedures_defnoreturn" id="18y6qd;|*x!LtRv9*S]8" x="740" y="86"><field name="NAME">fibStep</field><comment pinned="false" h="80" w="160">Describe this function...</comment><statement name="STACK"><block type="variables_set" id="0_oU0bU77o;-!QPc8j!}"><field name="VAR" id="OQ_8s]*WDH+a4}xT$0UU" variabletype="">c</field><value name="VALUE"><block type="math_arithmetic" id="n2q(C)UEsgK.jDN))U2="><field name="OP">ADD</field><value name="A"><block type="variables_get" id="(`3I=#wNb;@`oCg_Ys7)"><field name="VAR" id="WXLJQ:g|G{XY3D.0DqFW" variabletype="">a</field></block></value><value name="B"><block type="variables_get" id="(+^Dt)#B@ske(bcxu6oJ"><field name="VAR" id="$km!:aT9.{UoJb2NN+:?" variabletype="">b</field></block></value></block></value><next><block type="variables_set" id="~*;CCE7AbwUcmq?3t9uV"><field name="VAR" id="WXLJQ:g|G{XY3D.0DqFW" variabletype="">a</field><value name="VALUE"><block type="variables_get" id="Dn.)#;6xv~`ze;A5m;7r"><field name="VAR" id="$km!:aT9.{UoJb2NN+:?" variabletype="">b</field></block></value><next><block type="variables_set" id="=?SS_5*tD!YxRHg?!Xi+"><field name="VAR" id="$km!:aT9.{UoJb2NN+:?" variabletype="">b</field><value name="VALUE"><block type="variables_get" id=")WVPCR^n4Va(0*-vLmDB"><field name="VAR" id="OQ_8s]*WDH+a4}xT$0UU" variabletype="">c</field></block></value></block></next></block></next></block></statement></block></xml>